"idÂ ","title","description","published"
1,"Node.js Tut#1","Tut#1 description",false
2,"express.js Tut#2","Tut#2 description",false
3,"sequelize Tut#3","Tut#3 description",true
4,"python Tut#4","Tut#4 description",false
5,"ROR Tut#5","Tut#5 description",true
6,"lARAVEL Tut#6","Tut#6 description",true
7,"Angular Tut#7","Tut#7 description",false
8,"React.js Tut#8","Tut#8 description",false
9,"spring boot Tut#9","Tut#9 description",true
10,"ios Tut#10","Tut#10 description",false
11,"android Tut#11","Tut#11 description",true
12,"flattereact nativer Tut#12","Tut#12 description",true